id;label;trajectory;speed_x;speed_z;speed;acceleration_x;acceleration_z;acceleration;angle;angular_speed;angular_acceleration;curvature;autocorrelation_speed_x;autocorrelation_speed_z;autocorrelation_speed;autocorrelation_acceleration_x;autocorrelation_acceleration_z;autocorrelation_acceleration;autocorrelation_angle;autocorrelation_angular_speed;autocorrelation_angular_acceleration;autocorrelation_curvature
29;36;"[[-121.65299988  195.31199646]
 [-121.65853882  195.31568909]
 [-121.65853882  195.31568909]
 ...
 [  16.82521057  322.91604614]
 [  16.89095688  322.9616394 ]
 [  16.95670509  323.00720215]]";"[-0.13847351  0.          0.         ...  1.64370537  1.64365768
  1.64370537]";[0.09231567 0.         0.         ... 1.1390686  1.13983154 1.1390686 ];[0.16642445 0.         0.         ... 1.99981115 2.00020662 1.99981115];"[ 0.00000000e+00  3.46183777e+00  0.00000000e+00 ...  0.00000000e+00
 -1.19209290e-03  1.19209290e-03]";"[ 0.         -2.30789185  0.         ... -0.01907349  0.01907349
 -0.01907349]";[0.         4.16061119 0.         ... 0.01907349 0.0191107  0.0191107 ];[0.         0.         0.         ... 0.0003135  0.00032709 0.00032709];[0.         0.         0.         ... 0.00033954 0.00033962 0.        ];"[ 0.00000000e+00  0.00000000e+00  0.00000000e+00 ...  8.48849174e-03
  1.99405957e-06 -8.49048580e-03]";"[ 0.          0.          0.         ... -0.0003135   0.00032709
 -0.00032709]";"[ 1.00000000e+00  9.98868343e-01  9.96649254e-01 ... -3.75313319e-06
 -3.75302431e-06 -3.75313319e-06]";"[1.00000000e+00 9.98824842e-01 9.96574154e-01 ... 1.86081607e-06
 1.86206243e-06 1.86081607e-06]";"[1.00000000e+00 9.99642396e-01 9.99073289e-01 ... 2.84083530e-06
 2.84139709e-06 2.84083530e-06]";"[ 1.00000000e+00  4.90319804e-01  4.50493596e-01 ... -4.90784459e-08
  4.90784459e-08  0.00000000e+00]";"[ 1.00000000e+00  4.62213143e-01  4.23597127e-01 ... -5.35561024e-07
  5.35561024e-07  0.00000000e+00]";"[1.00000000e+00 5.15360079e-01 5.14854002e-01 ... 4.78183250e-07
 4.78183250e-07 0.00000000e+00]";[1.         0.44208236 0.38136977 ... 0.         0.         0.        ];"[ 1.00000000e+00 -4.45590014e-01 -1.09291474e-04 ...  0.00000000e+00
  0.00000000e+00  0.00000000e+00]";"[ 1.         -0.65408266  0.15979103 ...  0.          0.
  0.        ]";[1.         0.46907264 0.41904359 ... 0.         0.         0.        ]
5;26;"[[-121.65299988  195.31199646]
 [-121.65853882  195.31568909]
 [-121.65853882  195.31568909]
 ...
 [-118.72348785   -5.45268106]
 [-118.68704224   -5.40556335]
 [-118.65520477   -5.36416912]]";"[-0.13847351  0.          0.         ...  0.91094971  0.91114044
  0.79593658]";[0.09231567 0.         0.         ... 1.17793083 1.17794275 1.03485584];[0.16642445 0.         0.         ... 1.48907703 1.48920315 1.30554267];"[ 0.          3.46183777  0.         ... -2.67028809  0.00476837
 -2.88009644]";"[ 0.00000000e+00 -2.30789185e+00  0.00000000e+00 ... -3.27080488e+00
  2.98023224e-04 -3.57717276e+00]";[0.         4.16061119 0.         ... 4.22239305 0.00477768 4.59250698];"[0.00000000e+00 0.00000000e+00 0.00000000e+00 ... 2.68759068e-03
 9.64191320e-05 2.74212269e-03]";"[ 0.          0.          0.         ... -0.260401   -0.06477929
  0.06614259]";"[  0.           0.           0.         ... -14.69978494   4.89054281
   3.27304694]";"[ 0.00000000e+00  0.00000000e+00  0.00000000e+00 ...  2.68758745e-03
 -9.64191318e-05  2.74211925e-03]";"[ 1.00000000e+00  9.98861681e-01  9.96178743e-01 ... -4.79651533e-06
 -4.79751962e-06 -4.19092514e-06]";"[1.00000000e+00 9.99079037e-01 9.96849631e-01 ... 2.85641504e-06
 2.85644395e-06 2.50946636e-06]";"[1.00000000e+00 9.99212763e-01 9.97251555e-01 ... 3.85003294e-06
 3.85035903e-06 3.37550185e-06]";"[ 1.00000000e+00  6.84717431e-01  6.09339772e-01 ...  4.45992692e-07
 -2.69379586e-04  0.00000000e+00]";"[ 1.00000000e+00  7.19451260e-01  6.54615679e-01 ... -1.59395790e-08
  1.91322767e-04  0.00000000e+00]";"[1.00000000e+00 7.35271995e-01 6.97123000e-01 ... 2.47969345e-07
 2.38358778e-04 0.00000000e+00]";[1.         0.44646123 0.37465795 ... 0.         0.         0.        ];"[ 1.         -0.43514132 -0.03740319 ...  0.          0.
  0.        ]";"[ 1.         -0.63857083  0.12420315 ...  0.          0.
  0.        ]";[1.         0.44712673 0.3151066  ... 0.         0.         0.        ]
35;34;"[[-121.65299988  195.31199646]
 [-121.65853882  195.31568909]
 [-121.65853882  195.31568909]
 ...
 [ -40.16038513  217.63697815]
 [ -40.19529343  217.56500244]
 [ -40.23019791  217.49301147]]";"[-0.13847351  0.          0.         ... -0.872612   -0.87270737
 -0.872612  ]";"[ 0.09231567  0.          0.         ... -1.79977417 -1.7993927
 -1.79977417]";[0.16642445 0.         0.         ... 2.00015968 1.99985805 2.00015968];"[ 0.00000000e+00  3.46183777e+00  0.00000000e+00 ...  0.00000000e+00
 -2.38418579e-03  2.38418579e-03]";"[ 0.         -2.30789185  0.         ... -0.00953674  0.00953674
 -0.00953674]";[0.         4.16061119 0.         ... 0.00953674 0.00983025 0.00983025];"[0.00000000e+00 0.00000000e+00 0.00000000e+00 ... 8.32197595e-05
 1.26127608e-04 1.26127608e-04]";[0.         0.         0.         ... 0.00107256 0.0010727  0.        ];"[ 0.00000000e+00  0.00000000e+00  0.00000000e+00 ...  2.68138861e-02
  3.51911699e-06 -2.68174052e-02]";"[ 0.00000000e+00  0.00000000e+00  0.00000000e+00 ...  8.32197593e-05
 -1.26127607e-04  1.26127607e-04]";"[1.00000000e+00 9.99212719e-01 9.97737081e-01 ... 2.85610940e-06
 2.85642154e-06 2.85610940e-06]";"[ 1.00000000e+00  9.99298941e-01  9.97971087e-01 ... -3.16773001e-06
 -3.16705860e-06 -3.16773001e-06]";"[1.00000000e+00 9.99594781e-01 9.98821803e-01 ... 3.51293597e-06
 3.51240621e-06 3.51293597e-06]";"[ 1.00000000e+00  4.42647669e-01  4.89334327e-01 ... -2.00591897e-07
  2.00591897e-07  0.00000000e+00]";"[ 1.00000000e+00  4.67820242e-01  5.17471422e-01 ... -5.00981269e-07
  5.00981269e-07  0.00000000e+00]";"[1.00000000e+00 5.10752027e-01 5.89014417e-01 ... 4.80722955e-07
 4.80722955e-07 0.00000000e+00]";[1.         0.40160011 0.41304989 ... 0.         0.         0.        ];"[ 1.         -0.50956699  0.07032922 ...  0.          0.
  0.        ]";"[ 1.         -0.69207369  0.22675467 ...  0.          0.
  0.        ]";[1.         0.35799439 0.33636468 ... 0.         0.         0.        ]
19;49;"[[-121.65299988  195.31199646]
 [-121.65853882  195.31568909]
 [-121.65853882  195.31568909]
 ...
 [ 120.58506775  283.17492676]
 [ 120.59290314  283.25454712]
 [ 120.60073853  283.33416748]]";"[-0.13847351  0.          0.         ...  0.1958847   0.1958847
  0.1958847 ]";[0.09231567 0.         0.         ... 1.99050903 1.99050903 1.99050903];[0.16642445 0.         0.         ... 2.00012425 2.00012425 2.00012425];[0.         3.46183777 0.         ... 0.         0.         0.        ];"[ 0.         -2.30789185  0.         ...  0.          0.
  0.        ]";[0.         4.16061119 0.         ... 0.         0.         0.        ];[0. 0. 0. ... 0. 0. 0.];[0. 0. 0. ... 0. 0. 0.];[0.         0.         0.         ... 0.02335724 0.         0.        ];[0. 0. 0. ... 0. 0. 0.];"[ 1.00000000e+00  9.98452862e-01  9.95611830e-01 ... -6.90065921e-07
 -6.90065921e-07 -6.90065921e-07]";"[1.00000000e+00 9.98780112e-01 9.96449449e-01 ... 3.52216766e-06
 3.52216766e-06 3.52216766e-06]";"[1.00000000e+00 9.99349131e-01 9.98108562e-01 ... 3.63876749e-06
 3.63876749e-06 3.63876749e-06]";[1.         0.4185124  0.33989251 ... 0.         0.         0.        ];[1.         0.4700056  0.42304481 ... 0.         0.         0.        ];[1.         0.50683041 0.47340147 ... 0.         0.         0.        ];[1.         0.28200782 0.24592556 ... 0.         0.         0.        ];[ 1.        -0.4748728 -0.036966  ...  0.         0.         0.       ];"[ 1.         -0.64845579  0.11742636 ...  0.          0.
  0.        ]";[1.         0.35426795 0.28671046 ... 0.         0.         0.        ]
20;19;"[[-121.65299988  195.31199646]
 [-121.65853882  195.31568909]
 [-121.65853882  195.31568909]
 ...
 [-123.61332703   43.68318939]
 [-123.53013611   43.65272522]
 [-123.44773865   43.63076401]]";"[-0.13847351  0.          0.         ...  2.07958221  2.07977295
  2.05993652]";"[ 0.09231567  0.          0.         ... -0.76160431 -0.76160431
 -0.5490303 ]";[0.16642445 0.         0.         ... 2.21465648 2.21483558 2.13184726];"[ 0.          3.46183777  0.         ... -0.50067902  0.00476837
 -0.49591064]";"[ 0.         -2.30789185  0.         ...  5.30958176  0.
  5.31435013]";"[0.00000000e+00 4.16061119e+00 0.00000000e+00 ... 5.33313584e+00
 4.76837158e-03 5.33743802e+00]";"[0.00000000e+00 0.00000000e+00 0.00000000e+00 ... 8.32851790e-02
 2.96149960e-05 9.05570286e-02]";"[ 0.          0.          0.         ...  2.08212948 -2.0813891
  2.26318534]";"[   0.            0.            0.         ...  100.6550677  -104.08796443
  108.61436102]";"[0.00000000e+00 0.00000000e+00 0.00000000e+00 ... 8.31889289e-02
 2.96149915e-05 9.04333094e-02]";"[ 1.00000000e+00  9.97406362e-01  9.92116487e-01 ... -9.71200924e-06
 -9.71290001e-06 -9.62026046e-06]";"[ 1.00000000e+00  9.97672190e-01  9.93085751e-01 ... -2.26583805e-06
 -2.26583805e-06 -1.63341218e-06]";"[1.00000000e+00 9.98468474e-01 9.95480233e-01 ... 6.07402378e-06
 6.07451499e-06 5.84690723e-06]";"[ 1.00000000e+00  5.34449467e-01  5.50604389e-01 ...  1.76615769e-07
 -1.83680400e-05  0.00000000e+00]";"[ 1.00000000e+00  4.85432851e-01  5.06222450e-01 ...  0.00000000e+00
 -1.36133465e-04  0.00000000e+00]";"[1.00000000e+00 5.50799166e-01 6.04605741e-01 ... 1.08081166e-07
 1.20979775e-04 0.00000000e+00]";[1.         0.30472619 0.24170198 ... 0.         0.         0.        ];"[ 1.00000000e+00 -4.54654037e-01  8.79206897e-05 ...  0.00000000e+00
  0.00000000e+00  0.00000000e+00]";"[ 1.         -0.65628783  0.17549258 ...  0.          0.
  0.        ]";[1.         0.46258466 0.39513523 ... 0.         0.         0.        ]
38;35;"[[-121.65299988  195.31199646]
 [-121.65853882  195.31568909]
 [-121.65853882  195.31568909]
 ...
 [ 265.13000488  287.78048706]
 [ 265.13000488  287.78048706]
 [ 265.13000488  287.78048706]]";"[-0.13847351  0.          0.         ...  0.          0.
  0.        ]";[0.09231567 0.         0.         ... 0.         0.         0.        ];[0.16642445 0.         0.         ... 0.         0.         0.        ];[0.         3.46183777 0.         ... 0.         0.         0.        ];"[ 0.         -2.30789185  0.         ...  0.          0.
  0.        ]";[0.         4.16061119 0.         ... 0.         0.         0.        ];[0. 0. 0. ... 0. 0. 0.];[0. 0. 0. ... 0. 0. 0.];[0. 0. 0. ... 0. 0. 0.];[0. 0. 0. ... 0. 0. 0.];[1.         0.99905459 0.99713512 ... 0.         0.         0.        ];[1.         0.99893093 0.99673828 ... 0.         0.         0.        ];[1.         0.99928879 0.99779048 ... 0.         0.         0.        ];[1.         0.51571502 0.53104711 ... 0.         0.         0.        ];[1.         0.5257259  0.58830888 ... 0.         0.         0.        ];[1.         0.55840807 0.62600547 ... 0.         0.         0.        ];[1.         0.33607355 0.33329488 ... 0.         0.         0.        ];"[ 1.         -0.49790739  0.04183114 ...  0.          0.
  0.        ]";"[ 1.         -0.68016419  0.19894818 ...  0.          0.
  0.        ]";[1.         0.32982898 0.30711856 ... 0.         0.         0.        ]
4;24;"[[-121.65299988  195.31199646]
 [-121.65853882  195.31568909]
 [-121.65853882  195.31568909]
 ...
 [ 150.46310425  201.09817505]
 [ 150.50987244  201.03326416]
 [ 150.56030273  200.97116089]]";"[-0.13847351  0.          0.         ...  0.75340271  1.16920471
  1.26075745]";"[ 0.09231567  0.          0.         ... -1.85241699 -1.62277222
 -1.55258179]";[0.16642445 0.         0.         ... 1.99976608 2.00010733 2.00000489];"[ 0.          3.46183777  0.         ...  0.         10.39505005
  2.28881836]";"[ 0.         -2.30789185  0.         ...  0.00953674  5.74111938
  1.75476074]";"[0.00000000e+00 4.16061119e+00 0.00000000e+00 ... 9.53674316e-03
 1.18750797e+01 2.88407260e+00]";"[0.00000000e+00 0.00000000e+00 0.00000000e+00 ... 7.18541935e-05
 2.38070873e-01 5.76878098e-02]";"[ 0.          0.          0.         ... -4.90460832  5.94997548
 -4.50957659]";"[   0.            0.            0.         ... -245.2528143   271.36459502
 -261.4888018 ]";"[0.00000000e+00 0.00000000e+00 0.00000000e+00 ... 7.18541950e-05
 2.35828351e-01 5.76558188e-02]";"[ 1.00000000e+00  9.97842622e-01  9.93442155e-01 ... -1.47301613e-06
 -2.28597187e-06 -2.46497130e-06]";"[ 1.00000000e+00  9.97968071e-01  9.93812746e-01 ... -2.36160252e-06
 -2.06883384e-06 -1.97934972e-06]";"[1.00000000e+00 9.99630659e-01 9.98916055e-01 ... 2.32350064e-06
 2.32389714e-06 2.32377811e-06]";"[1.00000000e+00 5.23058562e-01 4.83172304e-01 ... 1.89410001e-04
 4.17049544e-05 0.00000000e+00]";"[ 1.00000000e+00  5.26493701e-01  4.60631013e-01 ... -7.26391665e-05
 -2.22020044e-05  0.00000000e+00]";"[1.00000000e+00 5.66016597e-01 5.49769738e-01 ... 1.32674613e-04
 3.22223704e-05 0.00000000e+00]";[1.         0.41565713 0.36632279 ... 0.         0.         0.        ];"[ 1.         -0.45785213  0.02077195 ...  0.          0.
  0.        ]";[ 1.        -0.6640522  0.1752021 ...  0.         0.         0.       ];[1.         0.51101004 0.45914953 ... 0.         0.         0.        ]
36;20;"[[-121.65299988  195.31199646]
 [-121.65853882  195.31568909]
 [-121.65853882  195.31568909]
 ...
 [-126.01106262   -2.36747622]
 [-125.96227264   -2.43087626]
 [-125.91779327   -2.48867416]]";"[-0.13847351  0.         -0.08945465 ...  1.21974945  1.21974945
  1.11198425]";"[ 0.09231567  0.          0.23002625 ... -1.58500075 -1.58500075
 -1.44494772]";[0.16642445 0.         0.24680804 ... 2.00000403 2.00000403 1.82328903];"[ 0.          3.46183777 -2.23636627 ...  0.          0.
 -2.69412994]";"[ 0.         -2.30789185  5.75065613 ...  0.          0.
  3.50132585]";[0.         4.16061119 6.17020097 ... 0.         0.         4.41787492];"[0.00000000e+00 0.00000000e+00 0.00000000e+00 ... 0.00000000e+00
 0.00000000e+00 5.94841962e-06]";[0.         0.         0.         ... 0.         0.         0.00014871];[0.         0.         0.         ... 0.         0.         0.00371776];"[0.00000000e+00 0.00000000e+00 0.00000000e+00 ... 0.00000000e+00
 0.00000000e+00 5.94842743e-06]";"[ 1.00000000e+00  9.99007024e-01  9.96891497e-01 ... -8.71661141e-06
 -5.48583469e-06 -5.00115970e-06]";"[ 1.00000000e+00  9.99139971e-01  9.97224998e-01 ... -1.50032871e-05
 -4.58597050e-06 -4.18074730e-06]";"[1.00000000e+00 9.99171738e-01 9.97336419e-01 ... 1.24866675e-05
 5.30902660e-06 4.83993524e-06]";"[ 1.00000000e+00  5.75416345e-01  6.22112605e-01 ...  1.60964326e-04
 -2.49168658e-04  0.00000000e+00]";"[ 1.00000000e+00  6.34004851e-01  6.14224456e-01 ...  6.10334577e-04
 -2.44943561e-04  0.00000000e+00]";"[1.00000000e+00 6.30066168e-01 6.60610916e-01 ... 3.87088697e-04
 2.61016712e-04 0.00000000e+00]";[1.         0.12986968 0.08263729 ... 0.         0.         0.        ];"[ 1.         -0.47285901 -0.00443104 ...  0.          0.
  0.        ]";"[ 1.         -0.65901996  0.16534476 ...  0.          0.
  0.        ]";[1.         0.25466405 0.21020355 ... 0.         0.         0.        ]
24;21;"[[-121.65299988  195.31199646]
 [-121.65853882  195.31568909]
 [-121.65853882  195.31568909]
 ...
 [-139.6091156    49.43921661]
 [-139.60295105   49.51897812]
 [-139.5967865    49.59873962]]";"[-0.13847351  0.          0.         ...  0.15411377  0.15411377
  0.15411377]";[0.09231567 0.         0.         ... 1.99403763 1.99403763 1.99403763];[0.16642445 0.         0.         ... 1.99998428 1.99998428 1.99998428];[0.         3.46183777 0.         ... 0.12397766 0.         0.        ];"[ 0.         -2.30789185  0.         ... -0.01192093  0.
  0.        ]";[0.         4.16061119 0.         ... 0.12454946 0.         0.        ];[0.         0.         0.         ... 0.00249045 0.         0.        ];"[ 0.          0.          0.         ...  0.05759498 -0.06226127
  0.        ]";"[ 0.          0.          0.         ...  1.32321742 -2.99640638
  1.55653178]";"[ 0.          0.          0.         ... -0.00249045  0.
  0.        ]";"[ 1.00000000e+00  9.99069630e-01  9.97515019e-01 ... -4.64015995e-07
 -4.64015995e-07 -4.64015995e-07]";"[1.00000000e+00 9.98946427e-01 9.97163545e-01 ... 4.77181820e-06
 4.77181820e-06 4.77181820e-06]";"[1.00000000e+00 9.99486959e-01 9.98594726e-01 ... 3.93584503e-06
 3.93584503e-06 3.93584503e-06]";[1.         0.3358718  0.43391024 ... 0.         0.         0.        ];[1.         0.36406312 0.46725483 ... 0.         0.         0.        ];[1.         0.47888602 0.51961596 ... 0.         0.         0.        ];[1.         0.49129331 0.40654614 ... 0.         0.         0.        ];"[ 1.         -0.41670332 -0.14891423 ...  0.          0.
  0.        ]";"[ 1.         -0.59451135 -0.03932515 ...  0.          0.
  0.        ]";[1.         0.23839697 0.35238858 ... 0.         0.         0.        ]
14;26;"[[-121.65299988  195.31199646]
 [-121.65853882  195.31568909]
 [-121.65853882  195.31568909]
 ...
 [ 151.06455994  148.04408264]
 [ 150.98545837  148.05607605]
 [ 150.90689087  148.07116699]]";"[-0.13847351  0.          0.         ... -1.98974609 -1.97753906
 -1.96418762]";[0.09231567 0.         0.         ... 0.20103455 0.29983521 0.37727356];[0.16642445 0.         0.         ... 1.9998761  2.00014047 2.00009209];[0.         3.46183777 0.         ... 0.24795532 0.30517578 0.33378601];"[ 0.         -2.30789185  0.         ...  3.91960144  2.47001648
  1.93595886]";[0.         4.16061119 0.         ... 3.92743648 2.48879763 1.9645228 ];[0.         0.         0.         ... 0.07856823 0.04978071 0.03929069];"[ 0.          0.          0.         ...  0.52387063 -0.71968786
 -0.26225049]";"[  0.           0.           0.         ...  29.34786666 -31.08896216
  11.43593434]";"[ 0.          0.          0.         ... -0.07848742 -0.04976015
 -0.03928058]";"[1.00000000e+00 9.98644697e-01 9.96074768e-01 ... 4.15779432e-06
 4.13228638e-06 4.10438707e-06]";"[1.00000000e+00 9.98601366e-01 9.95902259e-01 ... 2.74002977e-07
 4.08664782e-07 5.14210521e-07]";"[1.00000000e+00 9.99622390e-01 9.98966009e-01 ... 2.48380897e-06
 2.48413732e-06 2.48407723e-06]";"[1.00000000e+00 4.57947024e-01 4.16863963e-01 ... 9.61802619e-06
 1.05197161e-05 0.00000000e+00]";"[ 1.00000000e+00  4.65477434e-01  4.20771440e-01 ... -4.81788183e-05
 -3.77617765e-05  0.00000000e+00]";"[1.00000000e+00 5.27305386e-01 5.15740789e-01 ... 4.53838918e-05
 3.58235996e-05 0.00000000e+00]";[1.         0.31993983 0.30305701 ... 0.         0.         0.        ];"[ 1.         -0.48759425  0.00254232 ...  0.          0.
  0.        ]";"[ 1.         -0.66474188  0.15757538 ...  0.          0.
  0.        ]";[1.         0.44266685 0.39224439 ... 0.         0.         0.        ]
25;46;"[[-121.65299988  195.31199646]
 [-121.65853882  195.31568909]
 [-121.65853882  195.31568909]
 ...
 [  45.45189667    8.90314674]
 [  45.45189667    8.90314674]
 [  45.45189667    8.90314674]]";"[-0.13847351  0.          0.         ...  0.          0.
  0.        ]";[0.09231567 0.         0.         ... 0.         0.         0.        ];[0.16642445 0.         0.         ... 0.         0.         0.        ];[0.         3.46183777 0.         ... 0.         0.         0.        ];"[ 0.         -2.30789185  0.         ...  0.          0.
  0.        ]";[0.         4.16061119 0.         ... 0.         0.         0.        ];[0. 0. 0. ... 0. 0. 0.];[0. 0. 0. ... 0. 0. 0.];[0. 0. 0. ... 0. 0. 0.];[0. 0. 0. ... 0. 0. 0.];[1.         0.99931847 0.99820465 ... 0.         0.         0.        ];[1.         0.99953814 0.99871437 ... 0.         0.         0.        ];[1.         0.99962248 0.99891666 ... 0.         0.         0.        ];[1.         0.3176329  0.48095537 ... 0.         0.         0.        ];[1.         0.3920661  0.62079626 ... 0.         0.         0.        ];[1.         0.41645427 0.61706316 ... 0.         0.         0.        ];[1.         0.32250908 0.43189653 ... 0.         0.         0.        ];"[ 1.         -0.58072983  0.15926147 ...  0.          0.
  0.        ]";"[ 1.         -0.73406634  0.30977352 ...  0.          0.
  0.        ]";[1.         0.17926458 0.29354706 ... 0.         0.         0.        ]
11;45;"[[-121.65299988  195.31199646]
 [-121.65853882  195.31568909]
 [-121.65853882  195.31568909]
 ...
 [ 145.4541626   179.60371399]
 [ 145.4541626   179.60371399]
 [ 145.4541626   179.60371399]]";"[-0.13847351  0.          0.         ...  0.          0.
  0.        ]";[0.09231567 0.         0.         ... 0.         0.         0.        ];[0.16642445 0.         0.         ... 0.         0.         0.        ];[0.         3.46183777 0.         ... 0.         0.         0.        ];"[ 0.         -2.30789185  0.         ...  0.          0.
  0.        ]";[0.         4.16061119 0.         ... 0.         0.         0.        ];[0. 0. 0. ... 0. 0. 0.];[0. 0. 0. ... 0. 0. 0.];[0. 0. 0. ... 0. 0. 0.];[0. 0. 0. ... 0. 0. 0.];[1.         0.99888349 0.9969265  ... 0.         0.         0.        ];[1.         0.99859721 0.99660586 ... 0.         0.         0.        ];[1.         0.99941825 0.99850057 ... 0.         0.         0.        ];[1.         0.37669119 0.34921283 ... 0.         0.         0.        ];[1.         0.20985867 0.2423242  ... 0.         0.         0.        ];[1.         0.47443327 0.40131229 ... 0.         0.         0.        ];[1.         0.32592866 0.22483023 ... 0.         0.         0.        ];"[ 1.         -0.42500911 -0.06574843 ...  0.          0.
  0.        ]";"[ 1.         -0.62605557  0.10394081 ...  0.          0.
  0.        ]";[1.         0.17935627 0.16473917 ... 0.         0.         0.        ]
27;32;"[[-121.65299988  195.31199646]
 [-121.65853882  195.31568909]
 [-121.65853882  195.31568909]
 ...
 [ 151.32087708  289.69796753]
 [ 151.37969971  289.75219727]
 [ 151.44004822  289.80471802]]";"[-0.13847351  0.          0.         ...  1.43432617  1.4705658
  1.50871277]";[0.09231567 0.         0.         ... 1.39389038 1.35574341 1.3130188 ];[0.16642445 0.         0.         ... 2.00005549 2.00015098 2.00005815];[0.         3.46183777 0.         ... 0.8392334  0.9059906  0.95367432];"[ 0.         -2.30789185  0.         ... -0.8392334  -0.95367432
 -1.06811523]";[0.         4.16061119 0.         ... 1.18685525 1.31541388 1.43190951];[0.         0.         0.         ... 0.02373762 0.02630763 0.02863763];"[ 0.          0.          0.         ... -0.05409918  0.06425043
  0.05824998]";"[  0.           0.           0.         ... -12.56135698   2.95874034
  -0.15001129]";"[ 0.          0.          0.         ... -0.02373539 -0.0263046
 -0.02863372]";"[ 1.00000000e+00  9.97899803e-01  9.93544618e-01 ... -3.95026893e-06
 -4.05007626e-06 -4.15513660e-06]";"[1.00000000e+00 9.98493068e-01 9.95375680e-01 ... 2.06083430e-06
 2.00443489e-06 1.94126756e-06]";"[1.00000000e+00 9.99377921e-01 9.98028032e-01 ... 2.95299358e-06
 2.95313457e-06 2.95299750e-06]";"[1.00000000e+00 5.43118003e-01 5.63439135e-01 ... 2.40225150e-05
 2.52868579e-05 0.00000000e+00]";"[1.00000000e+00 5.39059013e-01 5.54065637e-01 ... 1.88872048e-05
 2.11536693e-05 0.00000000e+00]";"[1.00000000e+00 5.88990774e-01 6.35858322e-01 ... 2.21492320e-05
 2.41108115e-05 0.00000000e+00]";[1.         0.40801459 0.41308723 ... 0.         0.         0.        ];"[ 1.         -0.50428721  0.05446915 ...  0.          0.
  0.        ]";"[ 1.         -0.68572131  0.20691845 ...  0.          0.
  0.        ]";[1.         0.48982027 0.4894919  ... 0.         0.         0.        ]
9;26;"[[-121.65299988  195.31199646]
 [-121.65853882  195.31568909]
 [-121.65853882  195.31568909]
 ...
 [ 124.05923462  244.85847473]
 [ 124.07556915  244.78015137]
 [ 124.09190369  244.70184326]]";"[-0.13847351  0.          0.         ...  0.40817261  0.40836334
  0.40836334]";"[ 0.09231567  0.          0.         ... -1.95770264 -1.95808411
 -1.95770264]";[0.16642445 0.         0.         ... 1.99980111 2.00021349 1.99984005];"[ 0.          3.46183777  0.         ... -0.00476837  0.00476837
  0.        ]";"[ 0.         -2.30789185  0.         ...  0.00953674 -0.00953674
  0.00953674]";[0.         4.16061119 0.         ... 0.0106624  0.0106624  0.00953674];"[0.00000000e+00 0.00000000e+00 0.00000000e+00 ... 5.44237675e-05
 5.44237675e-05 3.89435198e-05]";"[ 0.          0.          0.         ...  0.00038701  0.
 -0.00038701]";"[ 0.          0.          0.         ...  0.00967515 -0.00967515
 -0.00967515]";"[ 0.00000000e+00  0.00000000e+00  0.00000000e+00 ... -5.44237663e-05
  5.44237663e-05  3.89435210e-05]";"[ 1.00000000e+00  9.99383948e-01  9.97977818e-01 ... -1.53315669e-06
 -1.53387312e-06 -1.53387312e-06]";"[ 1.00000000e+00  9.99408077e-01  9.98116529e-01 ... -4.19355715e-06
 -4.19437429e-06 -4.19355715e-06]";"[1.00000000e+00 9.99543929e-01 9.98487711e-01 ... 4.16216969e-06
 4.16302796e-06 4.16225073e-06]";"[1.00000000e+00 6.44302662e-01 6.19547026e-01 ... 5.83857404e-07
 0.00000000e+00 0.00000000e+00]";"[ 1.00000000e+00  6.39255969e-01  6.03970877e-01 ...  7.46438085e-07
 -7.46438085e-07  0.00000000e+00]";"[1.00000000e+00 6.68257725e-01 6.63749063e-01 ... 7.68051738e-07
 6.86966358e-07 0.00000000e+00]";[1.         0.47169951 0.43690984 ... 0.         0.         0.        ];"[ 1.         -0.46707397 -0.00167717 ...  0.          0.
  0.        ]";"[ 1.         -0.65861395  0.14917859 ...  0.          0.
  0.        ]";[1.         0.42593324 0.36111684 ... 0.         0.         0.        ]
28;17;"[[-121.65299988  195.31199646]
 [-121.65853882  195.31568909]
 [-121.65853882  195.31568909]
 ...
 [ 119.55187988  305.10769653]
 [ 119.46713257  305.18054199]
 [ 119.3804245   305.25323486]]";"[-0.13847351  0.          0.         ... -2.1188736  -2.11868286
 -2.16770172]";[0.09231567 0.         0.         ... 1.82113647 1.82113647 1.81732178];[0.16642445 0.         0.         ... 2.79395121 2.79380657 2.82870804];"[ 0.          3.46183777  0.         ... -3.74794006  0.00476837
 -1.2254715 ]";"[ 0.         -2.30789185  0.         ... -0.34332275  0.
 -0.09536743]";[0.         4.16061119 0.         ... 3.76363192 0.00476837 1.22917669];"[0.00000000e+00 0.00000000e+00 0.00000000e+00 ... 4.01883790e-02
 4.44997326e-05 1.23189063e-02]";"[ 0.          0.          0.         ... -0.05297311 -1.00359698
  0.30686016]";"[  0.           0.           0.         ...   5.38671969 -23.76559673
  32.76142864]";"[ 0.00000000e+00  0.00000000e+00  0.00000000e+00 ...  4.01775618e-02
 -4.44997348e-05  1.23185947e-02]";"[1.00000000e+00 9.97683513e-01 9.93002947e-01 ... 1.96316633e-05
 1.96298961e-05 2.00840628e-05]";"[1.00000000e+00 9.99044102e-01 9.97062631e-01 ... 4.67409160e-06
 4.67409160e-06 4.66430087e-06]";"[1.00000000e+00 9.99145457e-01 9.97355345e-01 ... 9.13268812e-06
 9.13221531e-06 9.24629901e-06]";"[ 1.00000000e+00  5.49528355e-01  4.79616739e-01 ...  4.09327577e-07
 -1.05197187e-04  0.00000000e+00]";"[1.00000000e+00 5.63607380e-01 5.16574255e-01 ... 0.00000000e+00
 5.38029369e-06 0.00000000e+00]";"[1.00000000e+00 6.24359232e-01 6.00779764e-01 ... 2.44218452e-07
 6.29539086e-05 0.00000000e+00]";[1.         0.39546155 0.31240842 ... 0.         0.         0.        ];"[ 1.         -0.43130674 -0.0335117  ...  0.          0.
  0.        ]";"[ 1.         -0.63895794  0.11935434 ...  0.          0.
  0.        ]";[1.        0.4227319 0.3296066 ... 0.        0.        0.       ]
39;10;"[[-121.65299988  195.31199646]
 [-121.65853882  195.31568909]
 [-121.65853882  195.31568909]
 ...
 [ 234.95985413   20.84984016]
 [ 234.87994385   20.85349655]
 [ 234.80001831   20.85715294]]";"[-0.13847351  0.          0.         ... -1.99775696 -1.99775696
 -1.99813843]";[0.09231567 0.         0.         ... 0.09145737 0.09140968 0.09140968];[0.16642445 0.         0.         ... 1.99984932 1.99984714 2.00022821];"[ 0.          3.46183777  0.         ...  0.00953674  0.
 -0.00953674]";"[ 0.00000000e+00 -2.30789185e+00  0.00000000e+00 ...  1.19209290e-03
 -1.19209290e-03  0.00000000e+00]";"[0.00000000e+00 4.16061119e+00 0.00000000e+00 ... 9.61096018e-03
 1.19209290e-03 9.53674316e-03]";"[0.00000000e+00 0.00000000e+00 0.00000000e+00 ... 3.25359134e-05
 2.38187313e-05 8.71717930e-06]";"[ 0.          0.          0.         ...  0.00059547 -0.00021793
 -0.00037754]";"[ 0.          0.          0.         ...  0.01488671 -0.02033495
 -0.00399023]";"[ 0.00000000e+00  0.00000000e+00  0.00000000e+00 ... -3.25359119e-05
  2.38187335e-05  8.71717835e-06]";"[1.00000000e+00 9.98422983e-01 9.95698309e-01 ... 3.76313594e-06
 3.76313594e-06 3.76385451e-06]";"[1.00000000e+00 9.98132041e-01 9.94958563e-01 ... 1.14357463e-07
 1.14297840e-07 1.14297840e-07]";"[1.00000000e+00 9.99503654e-01 9.98629759e-01 ... 2.25885764e-06
 2.25885518e-06 2.25928560e-06]";"[ 1.00000000e+00  3.70363689e-01  3.15180076e-01 ...  0.00000000e+00
 -2.31836118e-07  0.00000000e+00]";"[1.00000000e+00 3.49503137e-01 3.12105366e-01 ... 1.59604515e-08
 0.00000000e+00 0.00000000e+00]";"[1.00000000e+00 3.86152670e-01 3.62572989e-01 ... 1.57563838e-08
 1.26051070e-07 0.00000000e+00]";[1.         0.33260199 0.26517184 ... 0.         0.         0.        ];"[ 1.         -0.44948281 -0.04535498 ...  0.          0.
  0.        ]";"[ 1.         -0.63940415  0.13592004 ...  0.          0.
  0.        ]";[1.         0.29345798 0.27668269 ... 0.         0.         0.        ]
8;33;"[[-121.65299988  195.31199646]
 [-121.65853882  195.31568909]
 [-121.65853882  195.31568909]
 ...
 [ 372.16433716   34.07780457]
 [ 372.17279053   34.15735626]
 [ 372.1812439    34.23690796]]";"[-0.13847351  0.          0.         ...  0.21133423  0.21133423
  0.21133423]";[0.09231567 0.         0.         ... 1.98869705 1.98879242 1.98879242];[0.16642445 0.         0.         ... 1.99989453 1.99998936 1.99998936];[0.         3.46183777 0.         ... 0.         0.         0.        ];"[ 0.         -2.30789185  0.         ... -0.00238419  0.00238419
  0.        ]";"[0.00000000e+00 4.16061119e+00 0.00000000e+00 ... 2.38418579e-03
 2.38418579e-03 0.00000000e+00]";"[0.00000000e+00 0.00000000e+00 0.00000000e+00 ... 5.03890648e-06
 5.03890648e-06 0.00000000e+00]";"[ 0.          0.          0.         ... -0.00935705  0.
 -0.00012597]";"[ 0.          0.          0.         ... -0.23392617  0.23392617
 -0.00314932]";"[ 0.00000000e+00  0.00000000e+00  0.00000000e+00 ... -5.03889318e-06
  5.03889318e-06  0.00000000e+00]";"[ 1.00000000e+00  9.99117069e-01  9.97227947e-01 ... -8.27614833e-07
 -8.27614833e-07 -8.27614833e-07]";"[1.00000000e+00 9.99127382e-01 9.97337875e-01 ... 4.68713802e-06
 4.68736279e-06 4.68736279e-06]";"[1.00000000e+00 9.99378346e-01 9.98030813e-01 ... 4.46584908e-06
 4.46606085e-06 4.46606085e-06]";[1.         0.57069239 0.59781133 ... 0.         0.         0.        ];"[ 1.00000000e+00  5.57837932e-01  6.47954629e-01 ... -1.36718607e-07
  0.00000000e+00  0.00000000e+00]";"[1.00000000e+00 6.05987463e-01 6.92061988e-01 ... 1.25198141e-07
 0.00000000e+00 0.00000000e+00]";[1.         0.519928   0.54337937 ... 0.         0.         0.        ];"[ 1.         -0.52442484  0.12513968 ...  0.          0.
  0.        ]";"[ 1.         -0.71305233  0.27401836 ...  0.          0.
  0.        ]";[1.         0.45063528 0.45144072 ... 0.         0.         0.        ]
31;32;"[[-121.65299988  195.31199646]
 [-121.65853882  195.31568909]
 [-121.65853882  195.31568909]
 ...
 [ 227.10253906   17.64787102]
 [ 227.10253906   17.64787102]
 [ 227.10253906   17.64787102]]";"[-0.13847351  0.          0.         ...  0.          0.
  0.        ]";[0.09231567 0.         0.         ... 0.         0.         0.        ];[0.16642445 0.         0.         ... 0.         0.         0.        ];[0.         3.46183777 0.         ... 0.         0.         0.        ];"[ 0.         -2.30789185  0.         ...  0.          0.
  0.        ]";[0.         4.16061119 0.         ... 0.         0.         0.        ];[0. 0. 0. ... 0. 0. 0.];[0. 0. 0. ... 0. 0. 0.];[0. 0. 0. ... 0. 0. 0.];[0. 0. 0. ... 0. 0. 0.];[1.         0.99896036 0.99687315 ... 0.         0.         0.        ];[1.         0.99923431 0.99755664 ... 0.         0.         0.        ];[1.         0.99952825 0.99848782 ... 0.         0.         0.        ];[1.         0.5041667  0.44739312 ... 0.         0.         0.        ];[1.         0.59573037 0.51183552 ... 0.         0.         0.        ];[1.         0.60183744 0.57088027 ... 0.         0.         0.        ];[1.         0.36623907 0.27886004 ... 0.         0.         0.        ];[ 1.        -0.4310631 -0.028352  ...  0.         0.         0.       ];"[ 1.         -0.64070347  0.15249089 ...  0.          0.
  0.        ]";[1.         0.40350297 0.32941839 ... 0.         0.         0.        ]
30;37;"[[-121.65299988  195.31199646]
 [-121.65853882  195.31568909]
 [-121.65853882  195.31568909]
 ...
 [ 189.11448669  274.28167725]
 [ 189.19871521  274.2633667 ]
 [ 189.28041077  274.24157715]]";"[-0.13847351  0.          0.         ...  2.17018127  2.10571289
  2.04238892]";"[ 0.09231567  0.          0.         ... -0.37078857 -0.45776367
 -0.54473877]";[0.16642445 0.         0.         ... 2.20162915 2.15489544 2.11378637];"[ 0.          3.46183777  0.         ... -1.60217285 -1.61170959
 -1.58309937]";"[ 0.         -2.30789185  0.         ... -1.96456909 -2.17437744
 -2.17437744]";[0.         4.16061119 0.         ... 2.53505218 2.70657072 2.6896321 ];[0.         0.         0.         ... 0.03917645 0.04483865 0.04658821];"[ 0.          0.          0.         ... -0.01383043  0.14155496
  0.04373893]";"[ 0.          0.          0.         ...  1.47855882  3.88463497
 -2.44540096]";"[ 0.          0.          0.         ... -0.03916643 -0.04482363
 -0.04657136]";"[ 1.00000000e+00  9.97568350e-01  9.93227110e-01 ... -3.39593188e-06
 -3.29505079e-06 -3.19596050e-06]";"[ 1.00000000e+00  9.97964526e-01  9.94257682e-01 ... -3.36036980e-07
 -4.14860470e-07 -4.93683959e-07]";"[1.00000000e+00 9.99537149e-01 9.98746571e-01 ... 1.92485519e-06
 1.88399652e-06 1.84805541e-06]";"[ 1.00000000e+00  3.96255489e-01  3.30045005e-01 ... -2.09473069e-05
 -2.05754612e-05  0.00000000e+00]";"[1.00000000e+00 4.10997409e-01 3.48986987e-01 ... 1.93767013e-05
 1.93767013e-05 0.00000000e+00]";"[1.00000000e+00 4.61754096e-01 4.40342125e-01 ... 2.14356073e-05
 2.13014561e-05 0.00000000e+00]";[1.         0.42298014 0.38626633 ... 0.         0.         0.        ];"[ 1.         -0.46819145  0.00776928 ...  0.          0.
  0.        ]";"[ 1.         -0.66209084  0.16715244 ...  0.          0.
  0.        ]";[1.         0.44187429 0.37850441 ... 0.         0.         0.        ]
22;23;"[[-121.65299988  195.31199646]
 [-121.65853882  195.31568909]
 [-121.65853882  195.31568909]
 ...
 [ 177.62376404   89.86740875]
 [ 177.66548157   89.79914856]
 [ 177.70429993   89.72920227]]";"[-0.13847351  0.          0.         ...  1.04293823  1.04293823
  0.97045898]";"[ 0.09231567  0.          0.         ... -1.70669556 -1.70650482
 -1.74865723]";[0.16642445 0.         0.         ... 2.00013247 1.99996972 1.99989818];"[ 0.          3.46183777  0.         ... -0.88691711  0.
 -1.8119812 ]";"[ 0.         -2.30789185  0.         ... -0.56266785  0.00476837
 -1.05381012]";[0.         4.16061119 0.         ... 1.05034141 0.00476837 2.09613731];"[0.00000000e+00 0.00000000e+00 0.00000000e+00 ... 2.10067965e-02
 4.97286333e-05 4.19271865e-02]";"[ 0.          0.          0.         ...  0.06620254 -0.5239267
  1.04693645]";"[  0.           0.           0.         ...   3.20878972 -14.75323098
  39.27157857]";"[ 0.00000000e+00  0.00000000e+00  0.00000000e+00 ... -2.10052515e-02
  4.97286297e-05 -4.19149037e-02]";"[ 1.00000000e+00  9.97489712e-01  9.93514574e-01 ... -4.58602836e-06
 -4.58602836e-06 -4.26732120e-06]";"[ 1.00000000e+00  9.98808777e-01  9.96832075e-01 ... -2.97909130e-06
 -2.97875837e-06 -3.05233673e-06]";"[1.00000000e+00 9.99120305e-01 9.97626974e-01 ... 3.94499676e-06
 3.94467576e-06 3.94453467e-06]";"[ 1.00000000e+00  2.93227954e-01  2.60129653e-01 ...  0.00000000e+00
 -6.38683962e-05  0.00000000e+00]";"[ 1.00000000e+00  3.38586740e-01  3.19779768e-01 ... -1.43230148e-07
  3.16538628e-05  0.00000000e+00]";"[1.00000000e+00 4.55336565e-01 4.30980846e-01 ... 1.13336695e-07
 4.98218881e-05 0.00000000e+00]";[1.         0.26979812 0.24317195 ... 0.         0.         0.        ];"[ 1.         -0.48176099  0.0170954  ...  0.          0.
  0.        ]";"[ 1.         -0.66832851  0.18193321 ...  0.          0.
  0.        ]";[1.         0.18894537 0.18689842 ... 0.         0.         0.        ]
33;26;"[[-121.65299988  195.31199646]
 [-121.65853882  195.31568909]
 [-121.65853882  195.31568909]
 ...
 [ -33.90311813  -79.29517365]
 [ -33.82313919  -79.29338837]
 [ -33.74315643  -79.29159546]]";"[-0.13847351  0.          0.         ...  1.99947357  1.99947357
  1.99956894]";[0.09231567 0.         0.         ... 0.04463196 0.04463196 0.04482269];[0.16642445 0.         0.         ... 1.99997164 1.99997164 2.00007125];"[0.00000000e+00 3.46183777e+00 0.00000000e+00 ... 0.00000000e+00
 0.00000000e+00 2.38418579e-03]";"[ 0.         -2.30789185  0.         ... -0.00476837  0.
  0.00476837]";[0.         4.16061119 0.         ... 0.00476837 0.         0.0053312 ];"[0.00000000e+00 0.00000000e+00 0.00000000e+00 ... 9.53448305e-05
 0.00000000e+00 9.42761989e-05]";"[ 0.00000000e+00  0.00000000e+00  0.00000000e+00 ... -2.66022184e-05
 -2.38362076e-03  2.35690497e-03]";"[ 0.          0.          0.         ... -0.06025553 -0.05892546
  0.11851314]";"[ 0.00000000e+00  0.00000000e+00  0.00000000e+00 ... -9.53448298e-05
  0.00000000e+00  9.42761988e-05]";"[ 1.00000000e+00  9.98980409e-01  9.96994934e-01 ... -6.58883122e-06
 -6.58883122e-06 -6.58914548e-06]";"[1.00000000e+00 9.99208921e-01 9.97480850e-01 ... 1.01817554e-07
 1.01817554e-07 1.02252672e-07]";"[1.00000000e+00 9.99438911e-01 9.98329854e-01 ... 4.03503621e-06
 4.03503621e-06 4.03523717e-06]";"[1.00000000e+00 4.97199068e-01 4.37295983e-01 ... 0.00000000e+00
 1.61692855e-07 0.00000000e+00]";"[ 1.00000000e+00  5.92454281e-01  5.01768488e-01 ...  0.00000000e+00
 -2.75060476e-07  0.00000000e+00]";"[1.00000000e+00 5.77493166e-01 5.31455180e-01 ... 0.00000000e+00
 2.43602533e-07 0.00000000e+00]";[1.         0.26122899 0.23251047 ... 0.         0.         0.        ];"[ 1.         -0.48056331  0.0153986  ...  0.          0.
  0.        ]";"[ 1.         -0.66749095  0.17603349 ...  0.          0.
  0.        ]";[1.         0.39649297 0.31373323 ... 0.         0.         0.        ]
13;33;"[[-121.65299988  195.31199646]
 [-121.65853882  195.31568909]
 [-121.65853882  195.31568909]
 ...
 [ 325.35287476  345.60012817]
 [ 325.4269104   345.5697937 ]
 [ 325.50085449  345.53930664]]";"[-0.13847351  0.          0.         ...  1.85089111  1.85089111
  1.84860229]";"[ 0.09231567  0.          0.         ... -0.75759888 -0.75836182
 -0.76217651]";[0.16642445 0.         0.         ... 1.99993849 2.00022763 1.99956082];"[ 0.          3.46183777  0.         ...  0.01907349  0.
 -0.05722046]";"[ 0.         -2.30789185  0.         ...  0.01907349 -0.01907349
 -0.09536743]";[0.         4.16061119 0.         ... 0.02697398 0.01907349 0.11121658];[0.         0.         0.         ... 0.00049766 0.000353   0.00219932];"[ 0.          0.          0.         ... -0.06378349 -0.0036166
  0.04615799]";"[ 0.          0.          0.         ... -3.41044546  1.50417217
  1.24436495]";"[ 0.          0.          0.         ...  0.00049766 -0.000353
 -0.00219932]";"[ 1.00000000e+00  9.98248325e-01  9.94587235e-01 ... -3.74845160e-06
 -3.74845160e-06 -3.74381625e-06]";"[ 1.00000000e+00  9.98056065e-01  9.94027225e-01 ... -1.05727904e-06
 -1.05834377e-06 -1.06366743e-06]";"[1.00000000e+00 9.99747905e-01 9.99273018e-01 ... 2.47419501e-06
 2.47455271e-06 2.47372779e-06]";"[ 1.00000000e+00  5.53021542e-01  5.42577584e-01 ...  0.00000000e+00
 -1.34237678e-06  0.00000000e+00]";"[1.00000000e+00 5.37535289e-01 5.38573395e-01 ... 2.74489107e-07
 1.37244554e-06 0.00000000e+00]";"[1.00000000e+00 5.84184473e-01 6.19485226e-01 ... 2.57708919e-07
 1.50268831e-06 0.00000000e+00]";[1.         0.53124961 0.54955    ... 0.         0.         0.        ];"[ 1.         -0.51952038  0.10302146 ...  0.          0.
  0.        ]";"[ 1.         -0.70484813  0.2427912  ...  0.          0.
  0.        ]";[1.         0.52497761 0.53775813 ... 0.         0.         0.        ]
26;32;"[[-121.65299988  195.31199646]
 [-121.65853882  195.31568909]
 [-121.65853882  195.31568909]
 ...
 [ 259.26690674 -111.5094223 ]
 [ 259.33056641 -111.46096039]
 [ 259.39407349 -111.41233826]]";"[-0.13847351  0.          0.         ...  1.59454346  1.5914917
  1.587677  ]";[0.09231567 0.         0.         ... 1.20716095 1.21154785 1.21555328];[0.16642445 0.         0.         ... 1.9999516  2.0001735  1.99957197];"[ 0.          3.46183777  0.         ...  0.         -0.07629395
 -0.09536743]";"[ 0.         -2.30789185  0.         ... -0.00476837  0.10967255
  0.1001358 ]";[0.         4.16061119 0.         ... 0.00476837 0.13359953 0.13828278];"[0.00000000e+00 0.00000000e+00 0.00000000e+00 ... 7.60330608e-05
 2.66960332e-03 2.74942849e-03]";[0.         0.         0.         ... 0.         0.06483926 0.00199563];"[ 0.          0.          0.         ...  1.52610226  1.62098141
 -1.57109068]";"[ 0.00000000e+00  0.00000000e+00  0.00000000e+00 ... -7.60330603e-05
  2.66960015e-03  2.74942503e-03]";"[ 1.00000000e+00  9.99003447e-01  9.96946915e-01 ... -6.49097551e-06
 -6.47855259e-06 -6.46302394e-06]";"[1.00000000e+00 9.99038213e-01 9.97164430e-01 ... 2.89051835e-06
 2.90102268e-06 2.91061360e-06]";"[1.00000000e+00 9.99310889e-01 9.97867673e-01 ... 4.58645660e-06
 4.58696548e-06 4.58558599e-06]";"[ 1.00000000e+00  5.52722479e-01  5.52699068e-01 ... -6.47553179e-06
 -8.09441474e-06  0.00000000e+00]";"[ 1.00000000e+00  4.83994213e-01  4.54636213e-01 ... -5.57250581e-06
 -5.08794009e-06  0.00000000e+00]";"[1.00000000e+00 5.59972609e-01 5.72727333e-01 ... 6.44779819e-06
 6.67382178e-06 0.00000000e+00]";[1.         0.22098672 0.17925286 ... 0.         0.         0.        ];"[ 1.         -0.4732137  -0.00847023 ...  0.          0.
  0.        ]";"[ 1.         -0.65773118  0.15767475 ...  0.          0.
  0.        ]";[1.         0.28372909 0.19112092 ... 0.         0.         0.        ]
10;31;"[[-121.65299988  195.31199646]
 [-121.65853882  195.31568909]
 [-121.65853882  195.31568909]
 ...
 [ 114.91698456   82.2127533 ]
 [ 114.91698456   82.2127533 ]
 [ 114.91698456   82.2127533 ]]";"[-0.13847351  0.          0.         ...  0.          0.
  0.        ]";[0.09231567 0.         0.         ... 0.         0.         0.        ];[0.16642445 0.         0.         ... 0.         0.         0.        ];[0.         3.46183777 0.         ... 0.         0.         0.        ];"[ 0.         -2.30789185  0.         ...  0.          0.
  0.        ]";[0.         4.16061119 0.         ... 0.         0.         0.        ];[0. 0. 0. ... 0. 0. 0.];[0. 0. 0. ... 0. 0. 0.];[0. 0. 0. ... 0. 0. 0.];[0. 0. 0. ... 0. 0. 0.];[1.         0.99879414 0.9963784  ... 0.         0.         0.        ];[1.         0.99911974 0.99729499 ... 0.         0.         0.        ];[1.         0.99943106 0.9981574  ... 0.         0.         0.        ];[1.         0.50196756 0.49239361 ... 0.         0.         0.        ];[1.         0.53665896 0.53972163 ... 0.         0.         0.        ];[1.         0.56943325 0.60189667 ... 0.         0.         0.        ];[1.         0.38548463 0.35926514 ... 0.         0.         0.        ];"[ 1.         -0.47866653  0.00517956 ...  0.          0.
  0.        ]";"[ 1.         -0.66360893  0.15981417 ...  0.          0.
  0.        ]";[1.         0.36257727 0.31055644 ... 0.         0.         0.        ]
7;53;"[[-121.65299988  195.31199646]
 [-121.65853882  195.31568909]
 [-121.65853882  195.31568909]
 ...
 [ 199.21748352  273.13619995]
 [ 199.29150391  273.22174072]
 [ 199.36553955  273.30731201]]";"[-0.13847351  0.          0.         ...  1.85089111  1.85050964
  1.85089111]";[0.09231567 0.         0.         ... 2.13928223 2.13851929 2.13928223];[0.16642445 0.         0.         ... 2.82883834 2.82801179 2.82883834];"[ 0.          3.46183777  0.         ...  0.         -0.00953674
  0.00953674]";"[ 0.         -2.30789185  0.         ...  0.01907349 -0.01907349
  0.01907349]";[0.         4.16061119 0.         ... 0.01907349 0.02132481 0.02132481];"[0.00000000e+00 0.00000000e+00 0.00000000e+00 ... 1.76499414e-04
 7.45059163e-05 7.45059163e-05]";"[ 0.          0.          0.         ... -0.00254971 -0.00254984
  0.        ]";"[ 0.00000000e+00  0.00000000e+00  0.00000000e+00 ... -6.37426682e-02
 -3.26764570e-06  6.37459359e-02]";"[ 0.00000000e+00  0.00000000e+00  0.00000000e+00 ...  1.76499413e-04
 -7.45059161e-05  7.45059161e-05]";"[ 1.00000000e+00  9.98083730e-01  9.94383600e-01 ... -4.17888683e-06
 -4.17802556e-06 -4.17888683e-06]";"[1.00000000e+00 9.98812896e-01 9.96493141e-01 ... 2.44472206e-06
 2.44385019e-06 2.44472206e-06]";"[1.00000000e+00 9.99630348e-01 9.98961851e-01 ... 3.31275091e-06
 3.31178297e-06 3.31275091e-06]";"[ 1.00000000e+00  4.72459926e-01  4.82294703e-01 ... -2.28068442e-07
  2.28068442e-07  0.00000000e+00]";"[ 1.00000000e+00  4.88803042e-01  4.73949115e-01 ...  3.76219407e-07
 -3.76219407e-07  0.00000000e+00]";"[1.00000000e+00 5.21640611e-01 5.57598175e-01 ... 3.38949139e-07
 3.38949139e-07 0.00000000e+00]";[1.         0.36142843 0.3781035  ... 0.         0.         0.        ];"[ 1.         -0.51305654  0.02353441 ...  0.          0.
  0.        ]";"[ 1.         -0.67732019  0.18559208 ...  0.          0.
  0.        ]";[1.         0.46749774 0.46275477 ... 0.         0.         0.        ]
17;20;"[[-121.65299988  195.31199646]
 [-121.65853882  195.31568909]
 [-121.65853882  195.31568909]
 ...
 [ 401.82015991  118.00946045]
 [ 401.82000732  118.00899506]
 [ 401.82000732  118.00899506]]";"[-0.13847351  0.          0.         ... -0.06408691 -0.0038147
  0.        ]";"[ 0.09231567  0.          0.         ... -0.22144318 -0.01163483
  0.        ]";[0.16642445 0.         0.         ... 0.23053029 0.01224423 0.        ];[0.         3.46183777 0.         ... 0.87738037 1.50680542 0.09536743];"[ 0.         -2.30789185  0.         ...  2.7513504   5.24520874
  0.29087067]";[0.         4.16061119 0.         ... 2.88785826 5.45735076 0.30610569];[0.         0.         0.         ... 0.00900849 0.03511536 0.        ];"[ 0.          0.          0.         ...  0.1665864   0.65267169
 -0.87788404]";"[  0.           0.           0.         ...   7.32715558  12.15213236
 -38.26389333]";"[ 0.          0.          0.         ...  0.00900837 -0.03510815
  0.        ]";"[1.00000000e+00 9.99208836e-01 9.97328643e-01 ... 2.33940565e-07
 1.39250336e-08 0.00000000e+00]";"[ 1.00000000e+00  9.99225222e-01  9.97662076e-01 ... -3.83894485e-07
 -2.01701667e-08  0.00000000e+00]";"[1.00000000e+00 9.99498296e-01 9.98350290e-01 ... 4.20747972e-07
 2.23473192e-08 0.00000000e+00]";"[1.00000000e+00 6.88784040e-01 6.46867186e-01 ... 1.39089860e-04
 8.80315567e-06 0.00000000e+00]";"[ 1.00000000e+00  5.08925738e-01  5.75180734e-01 ... -2.34752278e-04
 -1.30180809e-05  0.00000000e+00]";"[1.00000000e+00 7.25657425e-01 6.93632824e-01 ... 2.54922715e-04
 1.42987497e-05 0.00000000e+00]";[1.         0.56162062 0.49602629 ... 0.         0.         0.        ];"[ 1.         -0.42518543  0.06201512 ...  0.          0.
  0.        ]";"[ 1.         -0.67090375  0.22682859 ...  0.          0.
  0.        ]";[1.         0.42260688 0.49663551 ... 0.         0.         0.        ]
1;22;"[[-121.65299988  195.31199646]
 [-121.65853882  195.31568909]
 [-121.65853882  195.31568909]
 ...
 [ -43.64347839  279.9491272 ]
 [ -43.60213089  280.01760864]
 [ -43.56132507  280.08642578]]";"[-0.13847351  0.          0.         ...  1.04265213  1.03368759
  1.02014542]";[0.09231567 0.         0.         ... 1.70669556 1.71203613 1.72042847];[0.16642445 0.         0.         ... 1.9999833  1.99989444 2.00014269];"[ 0.          3.46183777  0.         ... -0.22172928 -0.22411346
 -0.33855438]";"[ 0.         -2.30789185  0.         ...  0.1335144   0.1335144
  0.20980835]";[0.         4.16061119 0.         ... 0.25882421 0.26086959 0.39829463];[0.         0.         0.         ... 0.0051762  0.00521737 0.00796487];"[ 0.          0.          0.         ... -0.06771416  0.00102912
  0.06868762]";"[ 0.          0.          0.         ... -1.71797833  1.71858203
  1.69146234]";[0.         0.         0.         ... 0.00517618 0.00521734 0.00796479];"[ 1.00000000e+00  9.99000916e-01  9.96970705e-01 ... -4.02235330e-06
 -3.98776981e-06 -3.93552668e-06]";"[1.00000000e+00 9.99120603e-01 9.97355387e-01 ... 3.26519644e-06
 3.27541387e-06 3.29146982e-06]";"[1.00000000e+00 9.99417157e-01 9.98144362e-01 ... 3.95552692e-06
 3.95535117e-06 3.95584216e-06]";"[ 1.00000000e+00  5.23852079e-01  5.04096742e-01 ... -1.75671888e-05
 -2.65376682e-05  0.00000000e+00]";"[ 1.00000000e+00  5.22186421e-01  5.03609100e-01 ... -6.01989360e-06
 -9.45983280e-06  0.00000000e+00]";"[1.00000000e+00 5.54273215e-01 5.57318088e-01 ... 1.13829839e-05
 1.73794939e-05 0.00000000e+00]";[1.         0.41127232 0.38083198 ... 0.         0.         0.        ];"[ 1.00000000e+00 -4.74147698e-01 -4.94036000e-04 ...  0.00000000e+00
  0.00000000e+00  0.00000000e+00]";"[ 1.         -0.66065336  0.15100662 ...  0.          0.
  0.        ]";[1.         0.38145036 0.33441321 ... 0.         0.         0.        ]
12;21;"[[-121.65299988  195.31199646]
 [-121.65853882  195.31568909]
 [-121.65853882  195.31568909]
 ...
 [ 336.76669312  -31.6202774 ]
 [ 336.71505737  -31.65667725]
 [ 336.66766357  -31.69102478]]";"[-0.13847351  0.          0.         ... -1.38702393 -1.29089355
 -1.18484497]";"[ 0.09231567  0.          0.         ... -0.94532967 -0.90999603
 -0.85868835]";[0.16642445 0.         0.         ... 1.67853613 1.57939829 1.4632851 ];[0.         3.46183777 0.         ... 2.28881836 2.40325928 2.6512146 ];"[ 0.         -2.30789185  0.         ...  0.8559227   0.88334084
  1.28269196]";[0.         4.16061119 0.         ... 2.44362296 2.5604582  2.94520585];[0.         0.         0.         ... 0.0131206  0.01579284 0.01309843];"[ 0.          0.          0.         ... -0.25683929  0.06680593
 -0.06736033]";"[ 0.          0.          0.         ...  0.28388091  8.09113065
 -3.35415673]";[0.         0.         0.         ... 0.01312023 0.01579218 0.01309805];"[1.00000000e+00 9.99051477e-01 9.97195743e-01 ... 4.02143176e-06
 3.74271867e-06 3.43524946e-06]";"[ 1.00000000e+00  9.99008486e-01  9.96987586e-01 ... -1.96288252e-06
 -1.88951576e-06 -1.78298050e-06]";"[1.00000000e+00 9.99586622e-01 9.98671607e-01 ... 3.02915998e-06
 2.85025147e-06 2.64070852e-06]";"[1.00000000e+00 4.84660798e-01 4.66883352e-01 ... 1.49263935e-04
 1.64664182e-04 0.00000000e+00]";"[ 1.00000000e+00  5.23120144e-01  5.00201482e-01 ... -3.73129892e-05
 -5.41818844e-05  0.00000000e+00]";"[1.00000000e+00 5.96459503e-01 5.72781941e-01 ... 9.65172886e-05
 1.11020474e-04 0.00000000e+00]";[1.         0.45646955 0.42169947 ... 0.         0.         0.        ];"[ 1.         -0.46801756  0.01989561 ...  0.          0.
  0.        ]";"[ 1.         -0.66618089  0.1854417  ...  0.          0.
  0.        ]";[1.         0.37728702 0.37419061 ... 0.         0.         0.        ]
18;48;"[[-121.65299988  195.31199646]
 [-121.65853882  195.31568909]
 [-121.65853882  195.31568909]
 ...
 [  73.28326416  -47.05909729]
 [  73.28326416  -47.05909729]
 [  73.28326416  -47.05909729]]";"[-0.13847351  0.          0.         ...  0.          0.
  0.        ]";[0.09231567 0.         0.         ... 0.         0.         0.        ];[0.16642445 0.         0.         ... 0.         0.         0.        ];[0.         3.46183777 0.         ... 0.         0.         0.        ];"[ 0.         -2.30789185  0.         ...  0.          0.
  0.        ]";[0.         4.16061119 0.         ... 0.         0.         0.        ];[0. 0. 0. ... 0. 0. 0.];[0. 0. 0. ... 0. 0. 0.];[0. 0. 0. ... 0. 0. 0.];[0. 0. 0. ... 0. 0. 0.];[1.         0.99930267 0.99774891 ... 0.         0.         0.        ];[1.         0.99953552 0.99854626 ... 0.         0.         0.        ];[1.         0.99967224 0.99890166 ... 0.         0.         0.        ];[1.         0.61466854 0.52043449 ... 0.         0.         0.        ];[1.         0.56513503 0.4830536  ... 0.         0.         0.        ];[1.         0.65303648 0.61675445 ... 0.         0.         0.        ];[1.         0.49207128 0.41353213 ... 0.         0.         0.        ];"[ 1.         -0.42268684 -0.01391141 ...  0.          0.
  0.        ]";"[ 1.         -0.64366318  0.13768808 ...  0.          0.
  0.        ]";[1.         0.43409912 0.30324367 ... 0.         0.         0.        ]
21;34;"[[-121.65299988  195.31199646]
 [-121.65853882  195.31568909]
 [-121.65853882  195.31568909]
 ...
 [  46.47436523  -27.57941055]
 [  46.3971138   -27.55861092]
 [  46.31986618  -27.53781128]]";"[-0.13847351  0.          0.         ... -1.92985535 -1.93128586
 -1.93119049]";[0.09231567 0.         0.         ... 0.52499771 0.51999092 0.51999092];[0.16642445 0.         0.         ... 1.99999106 2.0000639  1.99997182];"[ 0.00000000e+00  3.46183777e+00  0.00000000e+00 ... -1.40666962e-01
 -3.57627869e-02  2.38418579e-03]";"[ 0.         -2.30789185  0.         ... -0.50663948 -0.12516975
  0.        ]";"[0.00000000e+00 4.16061119e+00 0.00000000e+00 ... 5.25804866e-01
 1.30178509e-01 2.38418579e-03]";"[0.00000000e+00 0.00000000e+00 0.00000000e+00 ... 1.05161903e-02
 2.60328039e-03 1.23973184e-05]";"[ 0.          0.          0.         ...  0.00164215 -0.19782275
 -0.06477208]";"[ 0.          0.          0.         ...  0.05788213 -4.9866225
  3.32626676]";"[ 0.00000000e+00  0.00000000e+00  0.00000000e+00 ...  1.05159965e-02
  2.60327745e-03 -1.23973282e-05]";"[1.00000000e+00 9.99552376e-01 9.98661388e-01 ... 4.84549580e-06
 4.84908754e-06 4.84884809e-06]";"[1.00000000e+00 9.99571275e-01 9.98733309e-01 ... 1.08075381e-06
 1.07044690e-06 1.07044690e-06]";"[1.00000000e+00 9.99770155e-01 9.99285065e-01 ... 3.32863520e-06
 3.32875643e-06 3.32860316e-06]";"[ 1.00000000e+00  5.36346828e-01  4.69581069e-01 ... -4.34163861e-06
  2.89442574e-07  0.00000000e+00]";"[1.00000000e+00 4.80988890e-01 4.12905152e-01 ... 1.21082665e-05
 0.00000000e+00 0.00000000e+00]";"[1.00000000e+00 5.46800082e-01 5.22751104e-01 ... 1.03414992e-05
 1.89401888e-07 0.00000000e+00]";[1.         0.40567113 0.36816399 ... 0.         0.         0.        ];"[ 1.         -0.46844581  0.03573859 ...  0.          0.
  0.        ]";"[ 1.         -0.67167315  0.19337375 ...  0.          0.
  0.        ]";[1.         0.31520298 0.28837173 ... 0.         0.         0.        ]
16;40;"[[-121.65299988  195.31199646]
 [-121.65853882  195.31568909]
 [-121.65853882  195.31568909]
 ...
 [ -96.31609344  -50.81096268]
 [ -96.31609344  -50.81096268]
 [ -96.31609344  -50.81096268]]";"[-0.13847351  0.          0.         ...  0.          0.
  0.        ]";[0.09231567 0.         0.         ... 0.         0.         0.        ];[0.16642445 0.         0.         ... 0.         0.         0.        ];[0.         3.46183777 0.         ... 0.         0.         0.        ];"[ 0.         -2.30789185  0.         ...  0.          0.
  0.        ]";[0.         4.16061119 0.         ... 0.         0.         0.        ];[0. 0. 0. ... 0. 0. 0.];[0. 0. 0. ... 0. 0. 0.];[0. 0. 0. ... 0. 0. 0.];[0. 0. 0. ... 0. 0. 0.];[1.         0.99849357 0.99538904 ... 0.         0.         0.        ];[1.         0.9988732  0.99658045 ... 0.         0.         0.        ];[1.         0.99909772 0.99722885 ... 0.         0.         0.        ];[1.         0.53086529 0.56422967 ... 0.         0.         0.        ];[1.         0.51755402 0.58022655 ... 0.         0.         0.        ];[1.         0.56058354 0.63294714 ... 0.         0.         0.        ];[1.         0.53247202 0.49935683 ... 0.         0.         0.        ];[ 1.        -0.4645848  0.0140154 ...  0.         0.         0.       ];"[ 1.         -0.66339109  0.14391764 ...  0.          0.
  0.        ]";[1.         0.51560554 0.482811   ... 0.         0.         0.        ]
15;34;"[[-121.65299988  195.31199646]
 [-121.65853882  195.31568909]
 [-121.65853882  195.31568909]
 ...
 [  20.36433983  130.01097107]
 [  20.39074135  130.08648682]
 [  20.41714096  130.16200256]]";"[-0.13847351  0.          0.         ...  0.63529015  0.66003799
  0.65999031]";[0.09231567 0.         0.         ... 1.89666748 1.88789368 1.88789368];[0.16642445 0.         0.         ... 2.00023526 1.99994817 1.99993244];"[ 0.00000000e+00  3.46183777e+00  0.00000000e+00 ...  1.19209290e-03
  6.18696213e-01 -1.19209290e-03]";"[ 0.         -2.30789185  0.         ...  0.00953674 -0.21934509
  0.        ]";"[0.00000000e+00 4.16061119e+00 0.00000000e+00 ... 9.61096018e-03
 6.56427660e-01 1.19209290e-03]";"[0.00000000e+00 0.00000000e+00 0.00000000e+00 ... 3.79741702e-05
 1.31272607e-02 2.25067920e-05]";"[ 0.          0.          0.         ... -0.39224293  0.32723216
 -0.32761885]";"[  0.           0.           0.         ... -18.0145136   17.98687738
 -16.37127533]";"[ 0.00000000e+00  0.00000000e+00  0.00000000e+00 ...  3.79741732e-05
 -1.31268837e-02  2.25067900e-05]";"[ 1.00000000e+00  9.98120989e-01  9.95205889e-01 ... -2.60300856e-06
 -2.70440925e-06 -2.70421388e-06]";"[1.00000000e+00 9.98514112e-01 9.96073175e-01 ... 4.49312218e-06
 4.47233743e-06 4.47233743e-06]";"[1.00000000e+00 9.99005486e-01 9.97416243e-01 ... 4.57485241e-06
 4.57419579e-06 4.57415980e-06]";"[ 1.00000000e+00  2.76842425e-01  3.06642867e-01 ...  2.70794225e-05
 -5.21761512e-08  0.00000000e+00]";"[1.00000000e+00 3.31678884e-01 3.61895121e-01 ... 7.21668688e-06
 0.00000000e+00 0.00000000e+00]";"[1.00000000e+00 3.84586296e-01 4.66027428e-01 ... 1.83002444e-05
 3.32338088e-08 0.00000000e+00]";[1.         0.36524549 0.29973715 ... 0.         0.         0.        ];"[ 1.         -0.44839868 -0.02683043 ...  0.          0.
  0.        ]";"[ 1.         -0.64552863  0.13671406 ...  0.          0.
  0.        ]";"[ 1.         -0.04088113  0.11633389 ...  0.          0.
  0.        ]"
6;4;"[[-121.65299988  195.31199646]
 [-121.65853882  195.31568909]
 [-121.65853882  195.31568909]
 ...
 [  90.59628296  195.83822632]
 [  90.67564392  195.82809448]
 [  90.75499725  195.81797791]]";"[-0.13847351  0.          0.         ...  1.98383331  1.98402405
  1.98383331]";"[ 0.09231567  0.          0.         ... -0.25291443 -0.2532959
 -0.25291443]";[0.16642445 0.         0.         ... 1.99989008 2.00012755 1.99989008];"[ 0.          3.46183777  0.         ... -0.00476837  0.00476837
 -0.00476837]";"[ 0.         -2.30789185  0.         ...  0.00953674 -0.00953674
  0.00953674]";[0.         4.16061119 0.         ... 0.0106624  0.0106624  0.0106624 ];[0.         0.         0.         ... 0.00017713 0.00017713 0.00017713];[0. 0. 0. ... 0. 0. 0.];[0. 0. 0. ... 0. 0. 0.];"[ 0.          0.          0.         ...  0.00017713 -0.00017713
  0.00017713]";"[ 1.00000000e+00  9.97871302e-01  9.93826598e-01 ... -1.28119458e-05
 -1.28131776e-05 -1.28119458e-05]";"[ 1.00000000e+00  9.98315807e-01  9.94939573e-01 ... -1.14719183e-06
 -1.14892214e-06 -1.14719183e-06]";"[1.00000000e+00 9.98346262e-01 9.94986456e-01 ... 7.96362491e-06
 7.96457055e-06 7.96362491e-06]";"[ 1.00000000e+00  4.70637158e-01  5.11646090e-01 ...  3.02434045e-07
 -3.02434045e-07  0.00000000e+00]";"[ 1.00000000e+00  5.02984617e-01  5.20245903e-01 ...  5.14233176e-07
 -5.14233176e-07  0.00000000e+00]";"[1.00000000e+00 5.98388268e-01 6.34745296e-01 ... 4.55543931e-07
 4.55543931e-07 0.00000000e+00]";[1.         0.27480503 0.15643403 ... 0.         0.         0.        ];"[ 1.         -0.41838678 -0.05732188 ...  0.          0.
  0.        ]";"[ 1.         -0.62728012  0.1112956  ...  0.          0.
  0.        ]";[1.         0.10829845 0.21617001 ... 0.         0.         0.        ]
23;36;"[[-121.65299988  195.31199646]
 [-121.65853882  195.31568909]
 [-121.65853882  195.31568909]
 ...
 [  74.81407166  282.65496826]
 [  74.81407166  282.65496826]
 [  74.81407166  282.65496826]]";"[-0.13847351  0.          0.         ...  0.          0.
  0.        ]";[0.09231567 0.         0.         ... 0.         0.         0.        ];[0.16642445 0.         0.         ... 0.         0.         0.        ];[0.         3.46183777 0.         ... 0.         0.         0.        ];"[ 0.         -2.30789185  0.         ...  0.          0.
  0.        ]";[0.         4.16061119 0.         ... 0.         0.         0.        ];[0. 0. 0. ... 0. 0. 0.];[0. 0. 0. ... 0. 0. 0.];[0. 0. 0. ... 0. 0. 0.];[0. 0. 0. ... 0. 0. 0.];[1.         0.99896078 0.99674939 ... 0.         0.         0.        ];[1.         0.99895561 0.99667045 ... 0.         0.         0.        ];[1.         0.99914489 0.99726644 ... 0.         0.         0.        ];[1.         0.56443334 0.64710811 ... 0.         0.         0.        ];[1.         0.59425576 0.66013653 ... 0.         0.         0.        ];[1.         0.59844697 0.68911378 ... 0.         0.         0.        ];[1.         0.50680966 0.53570499 ... 0.         0.         0.        ];"[ 1.         -0.5292943   0.09601996 ...  0.          0.
  0.        ]";"[ 1.         -0.70444536  0.23938397 ...  0.          0.
  0.        ]";[1.         0.49090402 0.51919194 ... 0.         0.         0.        ]
2;39;"[[-121.65299988  195.31199646]
 [-121.65853882  195.31568909]
 [-121.65853882  195.31568909]
 ...
 [ 400.38116455  115.93369293]
 [ 400.37142944  115.92735291]
 [ 400.35848999  115.9189682 ]]";"[-0.13847351  0.         -0.22735596 ... -0.08010864 -0.24337769
 -0.32348633]";"[ 0.09231567  0.          0.16021729 ... -0.05340576 -0.15850067
 -0.20961761]";[0.16642445 0.         0.27813721 ... 0.09627861 0.2904396  0.38546459];"[ 0.          3.46183777 -5.68389893 ... -2.00271606 -4.08172607
 -2.00271606]";"[ 0.         -2.30789185  4.00543213 ... -1.33514404 -2.62737274
 -1.27792358]";[0.         4.16061119 6.95343034 ... 2.40696515 4.85423272 2.37570207];[0.         0.         0.         ... 0.         0.0107464  0.00229157];"[ 0.          0.          0.         ...  0.          0.26865997
 -0.2113708 ]";"[  0.           0.           0.         ...  20.5267539    6.71649918
 -12.00076907]";"[ 0.          0.          0.         ...  0.         -0.01074619
 -0.00229156]";"[1.00000000e+00 9.98939526e-01 9.96582018e-01 ... 1.70750805e-06
 6.79887867e-07 9.03675409e-07]";"[ 1.00000000e+00  9.99138469e-01  9.97223226e-01 ... -6.48887774e-07
 -2.46519494e-07 -3.26022773e-07]";"[1.00000000e+00 9.99767205e-01 9.99249988e-01 ... 1.13138952e-06
 4.43762369e-07 5.88950954e-07]";"[ 1.00000000e+00  6.12684957e-01  5.51514329e-01 ... -4.18558425e-05
 -1.05637362e-04  0.00000000e+00]";"[1.00000000e+00 6.12035601e-01 5.36012539e-01 ... 1.47925798e-05
 4.61643515e-05 0.00000000e+00]";"[1.00000000e+00 6.58746596e-01 6.26072392e-01 ... 2.83480506e-04
 7.63165406e-05 0.00000000e+00]";[1.         0.57271565 0.46044171 ... 0.         0.         0.        ];"[ 1.         -0.36861959 -0.04982141 ...  0.          0.
  0.        ]";"[ 1.         -0.61646622  0.09680083 ...  0.          0.
  0.        ]";[1.         0.56987065 0.5084106  ... 0.         0.         0.        ]
34;29;"[[-121.65299988  195.31199646]
 [-121.65853882  195.31568909]
 [-121.65853882  195.31568909]
 ...
 [ 150.20584106  224.56190491]
 [ 150.20593262  224.56137085]
 [ 150.20593262  224.56137085]]";"[-0.13847351  0.          0.         ...  0.00839233  0.00228882
  0.        ]";"[ 0.09231567  0.          0.         ... -0.04577637 -0.01335144
  0.        ]";[0.16642445 0.         0.         ... 0.04653931 0.0135462  0.        ];"[ 0.          3.46183777  0.         ... -0.00953674 -0.15258789
 -0.05722046]";"[ 0.         -2.30789185  0.         ... -0.00953674  0.81062317
  0.33378601]";[0.         4.16061119 0.         ... 0.01348699 0.82485937 0.33865511];[0.         0.         0.         ... 0.00960338 0.0115415  0.        ];"[ 0.          0.          0.         ...  0.05400457  0.04845291
 -0.28853751]";"[ 0.          0.          0.         ... 20.39806053 -0.1387914
 -8.42476059]";"[ 0.          0.          0.         ... -0.00960324 -0.01154124
  0.        ]";"[ 1.00000000e+00  9.98134073e-01  9.93812092e-01 ... -2.24016397e-08
 -6.10953810e-09  0.00000000e+00]";"[ 1.00000000e+00  9.98373377e-01  9.94550573e-01 ... -7.51117572e-08
 -2.19075958e-08  0.00000000e+00]";"[1.00000000e+00 9.99624339e-01 9.98740049e-01 ... 7.16243126e-08
 2.08477015e-08 0.00000000e+00]";"[ 1.00000000e+00  6.58296647e-01  5.84480453e-01 ... -4.36611807e-06
 -1.63729427e-06  0.00000000e+00]";"[ 1.00000000e+00  6.75151167e-01  6.21927494e-01 ... -1.63549339e-05
 -6.73438455e-06  0.00000000e+00]";"[1.00000000e+00 7.16916360e-01 6.98425096e-01 ... 1.45806871e-05
 5.98626179e-06 0.00000000e+00]";[1.         0.54415491 0.48069257 ... 0.         0.         0.        ];"[ 1.         -0.43039045 -0.01116439 ...  0.          0.
  0.        ]";"[ 1.         -0.64654227  0.1465464  ...  0.          0.
  0.        ]";[1.         0.61065635 0.55105563 ... 0.         0.         0.        ]
32;33;"[[-121.65299988  195.31199646]
 [-121.65853882  195.31568909]
 [-121.65853882  195.31568909]
 ...
 [  83.67316437  121.23163605]
 [  83.66287231  121.23622894]
 [  83.65258789  121.24082947]]";"[-0.13847351  0.          0.         ... -0.12950897 -0.25730133
 -0.2571106 ]";[0.09231567 0.         0.         ... 0.04997253 0.11482239 0.11501312];[0.16642445 0.         0.         ... 0.13881581 0.28175904 0.2816627 ];"[ 0.          3.46183777  0.         ... -3.2377243  -3.19480896
  0.00476837]";"[ 0.         -2.30789185  0.         ...  1.24931335  1.62124634
  0.00476837]";[0.         4.16061119 0.         ... 3.47039515 3.58263087 0.0067435 ];[0.         0.         0.         ... 0.         0.05147749 0.00089436];"[ 0.          0.          0.         ...  0.          1.28693732
 -1.26457843]";"[  0.           0.           0.         ...   0.          32.17343299
 -63.78789364]";"[ 0.          0.          0.         ...  0.         -0.05145476
 -0.00089436]";"[1.00000000e+00 9.98583060e-01 9.96027700e-01 ... 3.39650728e-07
 6.74799459e-07 6.74299237e-07]";"[1.00000000e+00 9.98679198e-01 9.96265637e-01 ... 8.32684681e-08
 1.91326785e-07 1.91644604e-07]";"[1.00000000e+00 9.99607174e-01 9.98938126e-01 ... 2.13511024e-07
 4.33370395e-07 4.33222219e-07]";"[ 1.00000000e+00  4.02075304e-01  4.02264271e-01 ... -1.18332443e-04
  1.76615586e-07  0.00000000e+00]";"[ 1.00000000e+00  4.13792293e-01  4.30956135e-01 ... -4.09124039e-05
 -1.20330600e-07  0.00000000e+00]";"[1.00000000e+00 4.76171074e-01 5.26828180e-01 ... 8.06074056e-05
 1.51725287e-07 0.00000000e+00]";[1.         0.35740252 0.3274925  ... 0.         0.         0.        ];"[ 1.         -0.47672759 -0.00930558 ...  0.          0.
  0.        ]";"[ 1.         -0.65825411  0.14666418 ...  0.          0.
  0.        ]";[1.         0.35241649 0.33987544 ... 0.         0.         0.        ]
3;31;"[[-121.65299988  195.31199646]
 [-121.65853882  195.31568909]
 [-121.65853882  195.31568909]
 ...
 [ -85.21376801  223.19595337]
 [ -85.1699295   223.12902832]
 [ -85.126091    223.06211853]]";"[-0.13847351  0.          0.         ...  1.09596252  1.09596252
  1.09596252]";"[ 0.09231567  0.          0.         ... -1.67274475 -1.67312622
 -1.67274475]";[0.16642445 0.         0.         ... 1.9998022  2.0001213  1.9998022 ];"[ 0.          3.46183777  0.         ... -0.00476837  0.
  0.        ]";"[ 0.         -2.30789185  0.         ...  0.00953674 -0.00953674
  0.00953674]";[0.         4.16061119 0.         ... 0.0106624  0.00953674 0.00953674];"[0.00000000e+00 0.00000000e+00 0.00000000e+00 ... 2.47561032e-05
 1.04523131e-04 1.04523131e-04]";"[ 0.          0.          0.         ... -0.00137527  0.00199418
  0.        ]";"[ 0.          0.          0.         ... -0.01890927  0.08423622
 -0.04985439]";"[ 0.00000000e+00  0.00000000e+00  0.00000000e+00 ...  2.47560992e-05
 -1.04523130e-04  1.04523130e-04]";"[ 1.00000000e+00  9.99027441e-01  9.97211808e-01 ... -5.32404917e-06
 -5.32404917e-06 -5.32404917e-06]";"[ 1.00000000e+00  9.99017111e-01  9.97222148e-01 ... -4.09940693e-06
 -4.10034180e-06 -4.09940693e-06]";"[1.00000000e+00 9.99289999e-01 9.97944144e-01 ... 5.02941047e-06
 5.03021297e-06 5.02941047e-06]";[1.         0.44353939 0.45915509 ... 0.         0.         0.        ];"[ 1.00000000e+00  4.29490956e-01  5.18099028e-01 ...  4.94308103e-07
 -4.94308103e-07  0.00000000e+00]";"[1.00000000e+00 5.26818749e-01 5.84976605e-01 ... 5.05994930e-07
 5.05994930e-07 0.00000000e+00]";[1.         0.39941605 0.48575934 ... 0.         0.         0.        ];"[ 1.         -0.57188278  0.13314212 ...  0.          0.
  0.        ]";"[ 1.         -0.72426128  0.27299326 ...  0.          0.
  0.        ]";[1.         0.34898641 0.42393706 ... 0.         0.         0.        ]
